"V1","V2","V3","V4","V5","V6"
-0.47577,-1.2301,-2.9088,-1.0192,1.824,-3.3371
-0.56265,-1.2628,-2.9447,-1.1665,1.6768,-3.3315
-0.65918,-1.3011,-2.9837,-1.3177,1.5222,-3.3256
-0.76711,-1.3488,-3.0251,-1.476,1.3631,-3.3193
-0.87998,-1.4041,-3.0652,-1.6299,1.2131,-3.3132
-0.98383,-1.4639,-3.0976,-1.758,1.0945,-3.3083
-1.0806,-1.5267,-3.123,-1.8536,1.0128,-3.3045
-1.1781,-1.5894,-3.1453,-1.921,0.96178,-3.3009
-1.279,-1.6487,-3.1669,-1.964,0.93318,-3.2969
-1.3781,-1.6974,-3.1884,-1.9829,0.92366,-3.2927
-1.4702,-1.7304,-3.2099,-1.9737,0.93658,-3.2885
-1.5351,-1.7389,-3.2257,-1.9286,0.98576,-3.2854
-1.5517,-1.7175,-3.2277,-1.8445,1.0798,-3.2849
-1.5219,-1.672,-3.2153,-1.7325,1.2089,-3.2869
-1.4623,-1.6158,-3.1936,-1.611,1.3537,-3.2906
-1.3847,-1.5596,-3.1669,-1.4991,1.4911,-3.2953
-1.3046,-1.5093,-3.1413,-1.4024,1.6077,-3.3001
-1.2328,-1.4661,-3.12,-1.313,1.7064,-3.3042
-1.1732,-1.4286,-3.1028,-1.2211,1.7949,-3.3074
-1.1252,-1.3948,-3.0884,-1.1227,1.8753,-3.3096
-1.0889,-1.3642,-3.0774,-1.0225,1.9427,-3.3109
-1.0706,-1.3433,-3.0727,-0.94332,1.9766,-3.3112
-1.0838,-1.3418,-3.0786,-0.90998,1.9559,-3.31
-1.1416,-1.3654,-3.0988,-0.93196,1.8741,-3.3066
-1.2496,-1.4155,-3.1342,-1.0105,1.7339,-3.3009
-1.3977,-1.4867,-3.1806,-1.1315,1.5548,-3.2936
-1.5627,-1.5676,-3.2282,-1.2571,1.3758,-3.2861
-1.7275,-1.6478,-3.2707,-1.3615,1.2205,-3.2792
-1.8754,-1.7157,-3.3042,-1.4239,1.1091,-3.2734
-1.9916,-1.7604,-3.3269,-1.442,1.0518,-3.269
-2.0702,-1.7792,-3.3402,-1.4166,1.0442,-3.2661
-2.1022,-1.7718,-3.3426,-1.356,1.0843,-3.2652
-2.0824,-1.7411,-3.3325,-1.2658,1.1712,-3.2667
-2.0228,-1.6922,-3.314,-1.1489,1.2933,-3.27
-1.9554,-1.6387,-3.2964,-1.0053,1.4233,-3.2737
-1.8976,-1.5934,-3.2818,-0.84442,1.5432,-3.2775
-1.8471,-1.5558,-3.2674,-0.68425,1.6554,-3.2812
-1.7975,-1.5172,-3.2516,-0.52126,1.7667,-3.2848
-1.7431,-1.4708,-3.2353,-0.3505,1.8771,-3.2879
-1.6808,-1.4137,-3.2181,-0.17209,1.9853,-3.2906
-1.6189,-1.3548,-3.2009,0.00023931,2.0777,-3.2929
-1.5744,-1.3108,-3.1858,0.14798,2.1369,-3.2948
-1.5464,-1.2816,-3.1733,0.27797,2.1701,-3.2967
-1.5308,-1.2622,-3.1622,0.40629,2.1865,-3.2987
-1.5233,-1.2469,-3.151,0.53422,2.1935,-3.3005
-1.5084,-1.2238,-3.1348,0.68185,2.2034,-3.3022
-1.4737,-1.1855,-3.1108,0.86515,2.2217,-3.3042
-1.421,-1.1366,-3.0814,1.0772,2.2395,-3.3066
-1.3605,-1.0864,-3.0507,1.291,2.2458,-3.3093
-1.292,-1.0352,-3.0203,1.479,2.2406,-3.3118
-1.2394,-0.99527,-2.9963,1.607,2.2074,-3.3132
-1.2218,-0.97748,-2.9851,1.6544,2.1347,-3.3128
-1.2323,-0.97827,-2.9851,1.6448,2.0211,-3.3109
-1.2708,-0.99571,-2.9945,1.5954,1.8811,-3.3078
-1.3263,-1.0205,-3.0081,1.5313,1.7437,-3.3042
-1.3802,-1.0385,-3.0188,1.4836,1.6283,-3.3009
-1.4161,-1.0415,-3.0237,1.4737,1.5468,-3.2987
-1.4287,-1.0293,-3.0226,1.5039,1.5059,-3.2978
-1.4192,-1.0065,-3.0169,1.5604,1.5098,-3.2982
-1.3913,-0.97644,-3.0072,1.633,1.5527,-3.2997
-1.352,-0.9435,-2.9935,1.7184,1.6152,-3.3018
-1.3011,-0.90791,-2.9751,1.8162,1.6783,-3.3044
-1.2455,-0.8734,-2.9541,1.9112,1.7307,-3.3069
-1.1978,-0.84573,-2.9353,1.9858,1.7668,-3.3088
-1.161,-0.82546,-2.9209,2.0372,1.7832,-3.31
-1.1364,-0.81193,-2.9109,2.0656,1.7762,-3.3103
-1.1259,-0.80644,-2.9054,2.0682,1.7416,-3.3095
-1.1172,-0.80453,-2.9017,2.0562,1.6838,-3.3081
-1.1196,-0.81204,-2.903,2.0201,1.6098,-3.3062
-1.1438,-0.8324,-2.9117,1.9566,1.5294,-3.3037
-1.1854,-0.86184,-2.9259,1.8795,1.4486,-3.301
-1.2304,-0.89441,-2.9432,1.7958,1.3802,-3.2986
-1.266,-0.92334,-2.9609,1.7111,1.329,-3.2967
-1.291,-0.94756,-2.9771,1.6312,1.297,-3.2953
-1.3101,-0.96881,-2.991,1.5587,1.2851,-3.2944
-1.3309,-0.98967,-3.0029,1.4991,1.285,-3.2941
-1.3472,-1.006,-3.0105,1.4585,1.2859,-3.294
-1.355,-1.0158,-3.0136,1.4372,1.2798,-3.2939
-1.3578,-1.0208,-3.0139,1.4284,1.2652,-3.2938
-1.3593,-1.0234,-3.0135,1.4227,1.2454,-3.2936
-1.3615,-1.0257,-3.0142,1.4112,1.2281,-3.2933
-1.3646,-1.0285,-3.0168,1.3895,1.2201,-3.2928
-1.3656,-1.0312,-3.0203,1.3593,1.2234,-3.2924
-1.364,-1.034,-3.0238,1.3242,1.2321,-3.292
-1.3627,-1.0386,-3.0271,1.2921,1.2389,-3.2916
-1.3589,-1.0433,-3.0286,1.2721,1.2387,-3.2914
-1.3519,-1.0464,-3.0272,1.2673,1.2321,-3.2912
-1.345,-1.048,-3.0249,1.2711,1.2254,-3.2911
-1.3391,-1.049,-3.0236,1.2749,1.2213,-3.291
-1.3321,-1.0498,-3.0244,1.2717,1.2195,-3.2909
-1.3225,-1.0505,-3.0274,1.2592,1.2201,-3.2908
-1.3112,-1.051,-3.0311,1.2409,1.2254,-3.2908
-1.3036,-1.053,-3.0339,1.2224,1.2406,-3.291
-1.302,-1.0566,-3.036,1.2066,1.2621,-3.2915
-1.3035,-1.0595,-3.0386,1.2,1.2724,-3.2919
-1.3052,-1.0617,-3.0433,1.1955,1.2684,-3.2921
-1.3095,-1.066,-3.0498,1.1841,1.2551,-3.2922
-1.32,-1.0747,-3.056,1.1637,1.2387,-3.292
-1.3358,-1.0872,-3.0612,1.1376,1.2235,-3.2917
-1.3508,-1.0991,-3.0651,1.1139,1.2133,-3.2914
-1.3623,-1.1084,-3.0672,1.0956,1.211,-3.2912
-1.3716,-1.116,-3.0686,1.0807,1.2126,-3.291
-1.3783,-1.1212,-3.0701,1.071,1.2121,-3.2909
-1.3808,-1.1228,-3.0713,1.0716,1.2087,-3.2908
-1.3754,-1.1208,-3.0726,1.0731,1.2108,-3.291
-1.3616,-1.1171,-3.0742,1.0661,1.2218,-3.2912
-1.343,-1.1137,-3.075,1.0475,1.2418,-3.2912
-1.325,-1.1122,-3.0742,1.0235,1.2646,-3.291
-1.3155,-1.1128,-3.0717,1.0078,1.28,-3.2905
-1.3166,-1.1174,-3.0678,0.99962,1.2898,-3.2899
-1.326,-1.128,-3.0637,0.98884,1.3069,-3.2893
-1.3362,-1.1472,-3.0609,0.95079,1.3529,-3.2893
-1.3404,-1.1746,-3.0598,0.86355,1.4401,-3.2899
-1.3408,-1.2107,-3.0591,0.72897,1.5585,-3.2909
-1.3422,-1.2548,-3.0595,0.56531,1.6837,-3.2922
-1.3463,-1.3025,-3.062,0.39074,1.7937,-3.2935
-1.3518,-1.3495,-3.0658,0.20581,1.8818,-3.2947
-1.3545,-1.3943,-3.069,0.0026655,1.9472,-3.2958
-1.3483,-1.4359,-3.0696,-0.22515,1.9906,-3.297
-1.3298,-1.4735,-3.0638,-0.47487,2.0132,-3.2982
-1.2993,-1.5063,-3.0519,-0.73801,2.0065,-3.2996
-1.2589,-1.5342,-3.0364,-1.0112,1.9562,-3.3013
-1.2097,-1.5527,-3.0194,-1.2856,1.8533,-3.3032
-1.1523,-1.5589,-3.0001,-1.5479,1.7071,-3.3052
-1.0867,-1.5485,-2.9773,-1.779,1.5412,-3.3075
-1.0141,-1.5183,-2.9502,-1.9694,1.3845,-3.3098
-0.94027,-1.4674,-2.9178,-2.1184,1.2604,-3.3113
-0.86035,-1.395,-2.8777,-2.2405,1.1673,-3.312
-0.769,-1.3057,-2.8255,-2.3619,1.1018,-3.3119
-0.65865,-1.1957,-2.759,-2.5147,1.0332,-3.3106
-0.52765,-1.0624,-2.6781,-2.7137,0.93952,-3.3084
-0.39141,-0.91662,-2.5912,-2.9376,0.81892,-3.3055
-0.27277,-0.7786,-2.5115,-3.141,0.68065,-3.3027
-0.17971,-0.65138,-2.4452,-3.2941,0.50283,-3.3008
-0.10758,-0.53698,-2.3918,-3.3965,0.29176,-3.3
-0.04369,-0.43249,-2.3453,-3.4665,0.072111,-3.3004
0.027682,-0.32083,-2.2968,-3.5131,-0.1435,-3.3017
0.11717,-0.18623,-2.2392,-3.5376,-0.35006,-3.3038
0.22605,-0.027955,-2.1734,-3.5244,-0.55319,-3.3072
0.34631,0.15373,-2.1036,-3.4394,-0.77632,-3.313
0.46643,0.3679,-2.0276,-3.2697,-1.0232,-3.3211
0.56548,0.59716,-1.9549,-3.0187,-1.2829,-3.331
0.63884,0.82596,-1.8907,-2.7008,-1.5389,-3.3423
0.69227,1.0459,-1.8345,-2.3388,-1.7743,-3.3546
0.73133,1.2517,-1.7837,-1.9634,-1.9808,-3.3671
0.76477,1.4381,-1.7366,-1.6123,-2.1344,-3.3785
0.79239,1.5968,-1.694,-1.3,-2.2274,-3.3883
0.80992,1.7323,-1.6537,-1.0073,-2.2722,-3.3972
0.8017,1.8531,-1.6137,-0.69859,-2.2952,-3.406
0.76109,1.9607,-1.5749,-0.36338,-2.3093,-3.4155
0.69213,2.0597,-1.5371,-0.0051515,-2.314,-3.4254
0.6112,2.157,-1.5001,0.34399,-2.2974,-3.4349
0.52325,2.2537,-1.4659,0.66594,-2.2618,-3.4432
0.43038,2.3333,-1.4392,0.94121,-2.2242,-3.45
0.33538,2.3734,-1.4248,1.155,-2.2092,-3.4555
0.2285,2.3599,-1.4256,1.3214,-2.234,-3.4603
0.094864,2.289,-1.4432,1.4611,-2.2994,-3.4652
-0.07887,2.172,-1.4768,1.5919,-2.3852,-3.4704
-0.28739,2.033,-1.5221,1.7264,-2.4586,-3.4759
-0.50608,1.8985,-1.5687,1.852,-2.4921,-3.4812
-0.72621,1.7806,-1.6088,1.9772,-2.459,-3.4866
-0.95877,1.6669,-1.6451,2.131,-2.3464,-3.4934
-1.2157,1.5365,-1.682,2.3295,-2.1518,-3.5026
-1.4963,1.373,-1.7226,2.5607,-1.8884,-3.5143
-1.783,1.1722,-1.7715,2.7734,-1.6003,-3.5269
-2.0745,0.91962,-1.8397,2.9556,-1.3152,-3.5407
-2.3729,0.60444,-1.9347,3.1133,-1.0377,-3.5563
-2.6663,0.22795,-2.0627,3.2447,-0.78108,-3.574
-2.9467,-0.21076,-2.2333,3.3549,-0.53862,-3.5945
-3.1972,-0.68836,-2.4461,3.4581,-0.3171,-3.6176
-3.3908,-1.1473,-2.6803,3.5678,-0.12887,-3.6414
-3.4995,-1.5081,-2.8987,3.6809,0.013929,-3.6624
-3.5505,-1.7819,-3.0896,3.7615,0.10328,-3.6797
-3.6329,-2.0734,-3.2568,3.7118,0.12874,-3.694
-3.8,-2.4642,-3.4075,3.4579,0.10806,-3.7063
-4.0282,-2.9297,-3.5408,3.0337,0.07824,-3.7163
-4.2242,-3.338,-3.6574,2.6085,0.09084,-3.7238
-4.3476,-3.6182,-3.77,2.2974,0.16433,-3.7293
-4.4059,-3.7699,-3.8939,2.1382,0.29605,-3.7343
-4.4205,-3.8391,-4.0267,2.0963,0.46278,-3.7396
-4.4109,-3.892,-4.1572,2.0942,0.62563,-3.7461
-4.3836,-3.974,-4.2805,2.0675,0.75957,-3.7543
-4.3342,-4.106,-4.3784,1.9668,0.84797,-3.7641
-4.2472,-4.2979,-4.4424,1.7611,0.88287,-3.7762
-4.0986,-4.5511,-4.4784,1.4369,0.85959,-3.7915
-3.867,-4.8403,-4.5119,1.0174,0.78772,-3.8111
-3.5424,-5.1058,-4.5768,0.56707,0.69785,-3.8346
-3.1146,-5.3103,-4.676,0.11495,0.59296,-3.8614
-2.5852,-5.4303,-4.7961,-0.32927,0.46626,-3.8906
-1.9711,-5.4546,-4.9229,-0.75942,0.32898,-3.9209
-1.3424,-5.3776,-5.0391,-1.1388,0.22255,-3.9488
-0.75427,-5.21,-5.1356,-1.4475,0.18006,-3.9723
-0.21695,-4.974,-5.2096,-1.6882,0.2082,-3.9918
0.26427,-4.7097,-5.255,-1.8552,0.28737,-4.0078
0.66619,-4.46,-5.2677,-1.942,0.40074,-4.0207
1.0186,-4.2201,-5.255,-1.9534,0.54443,-4.0324
1.3717,-3.9807,-5.2202,-1.8675,0.72467,-4.0462
1.77,-3.7241,-5.172,-1.6866,0.93454,-4.0642
2.1598,-3.4764,-5.1317,-1.4901,1.1094,-4.0829
2.4766,-3.2614,-5.1201,-1.3599,1.1859,-4.0971
2.7188,-3.0226,-5.1492,-1.346,1.1344,-4.1049
2.9104,-2.6435,-5.2177,-1.4746,0.95762,-4.1057
3.081,-1.9811,-5.2891,-1.712,0.71673,-4.1006
3.2272,-0.93334,-5.2931,-1.9696,0.52674,-4.0912
3.2658,0.46852,-5.1479,-2.1646,0.48278,-4.0771
3.0554,2.0787,-4.7891,-2.2567,0.59637,-4.0563
2.4826,3.7455,-4.1718,-2.259,0.79077,-4.0263
1.5298,5.2538,-3.3063,-2.1966,0.94464,-3.9876
0.30808,6.3872,-2.2899,-2.0663,0.98011,-3.9446
-0.99232,7.0276,-1.2535,-1.8708,0.89797,-3.903
-2.2362,7.1804,-0.27237,-1.6083,0.74343,-3.8666
-3.3504,6.8948,0.61147,-1.2934,0.57822,-3.8393
-4.3042,6.214,1.396,-0.95322,0.42968,-3.8229
-5.0942,5.154,2.1057,-0.65057,0.28569,-3.8183
-5.6699,3.7522,2.7426,-0.4066,0.12734,-3.8268
-5.9433,2.0931,3.2719,-0.2182,-0.07158,-3.8499
-5.8577,0.26259,3.6488,-0.045833,-0.33516,-3.888
-5.4028,-1.5838,3.8123,0.16339,-0.65287,-3.9387
-4.6205,-3.2919,3.6968,0.48121,-0.98764,-3.9992
-3.5523,-4.8038,3.2904,0.93691,-1.2998,-4.068
-2.2991,-6.0348,2.6431,1.4878,-1.5345,-4.14
-0.99115,-6.9103,1.8323,2.0478,-1.6522,-4.2082
0.29621,-7.4602,0.90464,2.5447,-1.6468,-4.2704
1.4256,-7.717,-0.046683,2.8802,-1.5297,-4.3226
2.3696,-7.7294,-0.97146,3.0248,-1.3265,-4.364
3.1255,-7.5562,-1.8255,2.9766,-1.0866,-4.395
3.7229,-7.2371,-2.5833,2.761,-0.84185,-4.4164
4.2056,-6.7937,-3.235,2.4343,-0.59852,-4.4294
4.6058,-6.2332,-3.7886,2.0499,-0.34968,-4.435
4.9547,-5.5313,-4.2975,1.6527,-0.084939,-4.4342
5.2394,-4.6876,-4.798,1.2674,0.18216,-4.4278
5.4364,-3.7074,-5.3068,0.90472,0.43193,-4.4162
5.5099,-2.6478,-5.7831,0.55636,0.63284,-4.4006
5.4335,-1.5412,-6.1907,0.20814,0.78559,-4.3814
5.1884,-0.4104,-6.4915,-0.15066,0.90144,-4.3587
4.7523,0.77847,-6.6506,-0.54085,0.99389,-4.3321
4.1089,2.0392,-6.6209,-0.97337,1.0799,-4.3011
3.2342,3.37,-6.3607,-1.4509,1.1678,-4.2651
2.1311,4.7107,-5.8616,-1.9441,1.2443,-4.2252
0.88845,5.9191,-5.1684,-2.3949,1.2768,-4.1847
-0.34512,6.8402,-4.3672,-2.7403,1.2319,-4.1481
-1.4997,7.4276,-3.5117,-2.9595,1.1042,-4.1178
-2.5592,7.6956,-2.6326,-3.0632,0.91385,-4.0951
-3.5253,7.6903,-1.7259,-3.0695,0.69457,-4.0797
-4.3891,7.4529,-0.79035,-2.9993,0.47813,-4.071
-5.1479,7.0101,0.17952,-2.8742,0.27178,-4.068
-5.7729,6.379,1.1496,-2.7112,0.075481,-4.0711
-6.2612,5.5521,2.1103,-2.5047,-0.13059,-4.0806
-6.5848,4.5532,2.9976,-2.2446,-0.35939,-4.0971
-6.7159,3.4016,3.7635,-1.9237,-0.604,-4.1209
-6.6327,2.1069,4.3899,-1.5435,-0.85589,-4.1517
-6.3215,0.69497,4.8602,-1.1033,-1.1113,-4.1895
-5.7819,-0.79418,5.17,-0.59436,-1.3686,-4.2337
-5.0509,-2.2534,5.3186,-0.023784,-1.6198,-4.2824
-4.1977,-3.5439,5.3099,0.57927,-1.8296,-4.3317
-3.2592,-4.63,5.1437,1.2148,-1.9642,-4.3802
-2.2487,-5.5228,4.8212,1.8797,-1.9969,-4.4273
-1.1565,-6.2521,4.3421,2.5431,-1.9113,-4.4724
-0.036238,-6.8372,3.695,3.135,-1.7286,-4.5144
1.0247,-7.2951,2.8676,3.5854,-1.5063,-4.5527
2.0045,-7.6289,1.8679,3.8828,-1.2792,-4.5872
2.8913,-7.8079,0.76773,4.0551,-1.0597,-4.6169
3.6657,-7.8053,-0.34739,4.1411,-0.83604,-4.6409
4.3243,-7.616,-1.4342,4.1555,-0.5901,-4.6601
4.8578,-7.2439,-2.4683,4.0817,-0.31467,-4.6755
5.2776,-6.671,-3.4761,3.9013,0.0034717,-4.6876
5.58,-5.8877,-4.4583,3.6124,0.35846,-4.6955
5.7633,-4.9005,-5.4095,3.2311,0.73318,-4.6982
5.8412,-3.7935,-6.2672,2.8046,1.0953,-4.6964
5.8619,-2.7411,-6.9228,2.4202,1.4063,-4.6918
5.9094,-1.9227,-7.2956,2.1637,1.6359,-4.6889
6.0525,-1.4091,-7.3859,2.0794,1.7969,-4.6908
6.3262,-1.1843,-7.2402,2.1627,1.9097,-4.6992
6.7339,-1.1855,-6.9147,2.3794,1.9916,-4.7146
7.2894,-1.3763,-6.4276,2.7117,2.0663,-4.7385
7.9508,-1.7035,-5.8129,3.1131,2.1334,-4.7701
8.6724,-2.1501,-5.0804,3.5533,2.192,-4.8087
9.4341,-2.7112,-4.2048,4.028,2.2339,-4.8566
10.228,-3.397,-3.13,4.5348,2.2575,-4.9171
11.014,-4.2441,-1.7967,5.0698,2.2389,-4.9921
11.639,-5.2407,-0.25269,5.5893,2.1058,-5.0757
11.816,-6.2854,1.2942,5.9799,1.7567,-5.1494
11.34,-7.3246,2.7245,6.1201,1.1308,-5.1986
10.212,-8.2597,3.9411,5.9067,0.28862,-5.2159
8.7375,-8.9841,5.0435,5.4084,-0.56977,-5.2121
7.2651,-9.4342,6.1707,4.8135,-1.2175,-5.2018
6.0592,-9.5736,7.2819,4.3022,-1.5413,-5.1908
5.2019,-9.4252,8.353,3.9338,-1.5575,-5.1808
4.6375,-9.065,9.3584,3.728,-1.3937,-5.1728
4.287,-8.5798,10.219,3.7091,-1.2112,-5.17
4.0014,-7.9038,11.117,3.7917,-0.98581,-5.1763
3.7271,-7.0078,12.031,3.8696,-0.69104,-5.1935
3.4185,-5.8189,13,3.8571,-0.29428,-5.2268
3.0923,-4.3011,14.061,3.6862,0.27254,-5.2743
2.8623,-2.6588,15.08,3.311,1.0165,-5.3198
2.7962,-1.2066,15.917,2.7098,1.7814,-5.3396
2.8667,0.068116,16.628,1.8713,2.4652,-5.3339
3.0292,1.2415,17.296,0.89831,3.0228,-5.3136
3.24,2.2279,17.905,0.067735,3.3788,-5.2914
3.4732,3.0006,18.44,-0.48855,3.5286,-5.2738
3.6838,3.5853,18.812,-0.66912,3.4965,-5.2828
3.8037,3.9633,18.849,-0.35934,3.2684,-5.3478
3.8765,4.1903,18.645,0.27891,2.9293,-5.451
3.9772,4.3458,18.371,1.009,2.5939,-5.5614
4.1697,4.5032,18.157,1.6237,2.3505,-5.6557
4.4722,4.7121,17.981,2.0319,2.1822,-5.7412
4.892,5.0162,17.783,2.1721,2.0459,-5.8328
5.4088,5.4198,17.507,2.008,1.893,-5.9405
5.9166,5.7863,17.141,1.6117,1.672,-6.0561
6.3708,6.0202,16.763,1.1017,1.4018,-6.1692
6.7515,6.1,16.423,0.58119,1.1461,-6.2728
7.0759,6.0494,16.124,0.10964,0.96212,-6.3682
7.3639,5.899,15.851,-0.29083,0.87431,-6.4595
7.6181,5.6604,15.593,-0.65651,0.85617,-6.5512
7.8029,5.3391,15.359,-1.0433,0.86575,-6.6415
7.8686,4.9222,15.138,-1.5213,0.86174,-6.731
7.7614,4.4031,14.907,-2.1156,0.82617,-6.8196
7.4552,3.7999,14.635,-2.7834,0.78142,-6.9066
6.9753,3.1782,14.309,-3.4098,0.78182,-6.9878
6.3547,2.59,13.928,-3.9184,0.8552,-7.0614
5.6041,2.0483,13.485,-4.2847,0.99215,-7.1299
4.7387,1.5662,12.993,-4.5091,1.1719,-7.1955
3.8008,1.1685,12.474,-4.5964,1.3828,-7.2587
2.8741,0.89772,11.971,-4.5477,1.6036,-7.3164
2.0002,0.74935,11.475,-4.3619,1.8057,-7.3708
1.2012,0.72075,10.984,-4.0791,1.9644,-7.422
0.46072,0.80142,10.471,-3.7302,2.0467,-7.4717
-0.25855,0.97901,9.8961,-3.3243,2.0229,-7.5232
-0.9995,1.2472,9.2281,-2.8783,1.8801,-7.5779
-1.7223,1.5755,8.5072,-2.4544,1.633,-7.6305
-2.3409,1.9277,7.8283,-2.1395,1.3537,-7.671
-2.8176,2.2959,7.2269,-1.9337,1.1105,-7.6972
-3.141,2.6661,6.7085,-1.7926,0.93726,-7.7131
-3.3365,3.036,6.2422,-1.6784,0.82409,-7.7232
-3.4424,3.4069,5.7905,-1.5835,0.7395,-7.731
-3.495,3.7703,5.3263,-1.5293,0.64915,-7.7375
-3.5172,4.103,4.8402,-1.5552,0.53521,-7.743
-3.4975,4.4156,4.3089,-1.6585,0.41868,-7.7493
-3.3953,4.7357,3.714,-1.7925,0.34876,-7.7589
-3.1854,5.066,3.0674,-1.9054,0.34952,-7.7721
-2.8804,5.3716,2.4235,-1.9504,0.395,-7.7867
-2.5025,5.6195,1.8353,-1.9184,0.45682,-7.8014
-2.0663,5.7941,1.3195,-1.8331,0.52322,-7.8161
-1.5858,5.8855,0.87936,-1.724,0.58797,-7.8315
-1.0351,5.8979,0.47931,-1.5949,0.64914,-7.8494
-0.39572,5.8276,0.096276,-1.4243,0.71818,-7.8723
0.33301,5.657,-0.28091,-1.1952,0.80762,-7.9028
1.1294,5.371,-0.63107,-0.92741,0.91148,-7.9401
1.9581,4.9477,-0.9399,-0.6615,0.99813,-7.982
2.762,4.3728,-1.1962,-0.44137,1.022,-8.0254
3.5021,3.6486,-1.4052,-0.27587,0.96762,-8.0687
4.1168,2.85,-1.5571,-0.15089,0.86788,-8.1096
4.5914,2.0704,-1.6328,-0.035997,0.77637,-8.1467
4.9726,1.3557,-1.6137,0.10407,0.73369,-8.1815
5.3019,0.72257,-1.5011,0.29937,0.75236,-8.2157
5.5942,0.12838,-1.3191,0.56917,0.80364,-8.251
5.8336,-0.47006,-1.0869,0.88043,0.82965,-8.2871
5.9874,-1.1093,-0.809,1.1657,0.77386,-8.3226
6.0116,-1.8051,-0.49668,1.3638,0.60755,-8.3554
5.8878,-2.5264,-0.15633,1.4398,0.35168,-8.3843
5.6094,-3.2185,0.1951,1.4049,0.061791,-8.4075
5.1715,-3.8629,0.56349,1.2977,-0.22919,-8.425
4.591,-4.4374,0.95078,1.1799,-0.49572,-8.4367
3.9132,-4.9008,1.3476,1.086,-0.7082,-8.4425
3.1607,-5.2395,1.749,1.0103,-0.86367,-8.4425
2.362,-5.4533,2.1413,0.93158,-0.96748,-8.4375
1.5701,-5.5446,2.4943,0.83825,-1.021,-8.4282
0.81855,-5.5214,2.7909,0.73447,-1.0325,-8.4155
0.077103,-5.3902,3.0417,0.61967,-1.0157,-8.3997
-0.66576,-5.1414,3.2501,0.49077,-0.98257,-8.3806
-1.4558,-4.7371,3.4287,0.34086,-0.9425,-8.3567
-2.2951,-4.144,3.5767,0.17362,-0.90433,-8.3275
-3.1596,-3.3449,3.6837,-0.0079692,-0.86535,-8.2936
-3.9616,-2.3816,3.7353,-0.19937,-0.82439,-8.2576
-4.6151,-1.3471,3.7227,-0.39737,-0.78529,-8.2235
-5.0741,-0.35642,3.6403,-0.59006,-0.74148,-8.1947
-5.3627,0.54578,3.4832,-0.76689,-0.67732,-8.1713
-5.5155,1.3294,3.2621,-0.91741,-0.58203,-8.1528
-5.5805,2.0129,2.9816,-1.0593,-0.47176,-8.1372
-5.6071,2.5993,2.6585,-1.2395,-0.39636,-8.1225
-5.6441,3.083,2.3063,-1.4948,-0.3866,-8.1064
-5.7312,3.4499,1.9375,-1.8314,-0.44779,-8.0878
-5.8814,3.729,1.5355,-2.2318,-0.55834,-8.0653
-6.0607,3.9757,1.0879,-2.6455,-0.6639,-8.04
-6.2209,4.2205,0.61288,-3.0159,-0.71167,-8.0143
-6.3246,4.4755,0.13019,-3.2992,-0.66665,-7.9902
-6.3384,4.751,-0.35496,-3.4671,-0.50829,-7.9691
-6.2337,5.051,-0.85046,-3.5151,-0.23952,-7.9524
-5.9973,5.3614,-1.3627,-3.4547,0.099629,-7.941
-5.6215,5.6717,-1.9137,-3.301,0.46668,-7.9339
-5.112,5.9548,-2.5056,-3.0747,0.81121,-7.9305
-4.4727,6.1825,-3.1513,-2.7965,1.0996,-7.93
-3.7356,6.3188,-3.8204,-2.4967,1.3006,-7.9315
-2.938,6.3302,-4.4852,-2.1951,1.4,-7.9355
-2.1208,6.1965,-5.1181,-1.8978,1.4009,-7.9423
-1.3066,5.9111,-5.7051,-1.6015,1.3233,-7.9521
-0.48401,5.4819,-6.2487,-1.2927,1.2018,-7.9644
0.32324,4.9527,-6.7213,-0.96891,1.0828,-7.9789
1.0765,4.389,-7.0796,-0.63626,1.0041,-7.9945
1.7785,3.8191,-7.3099,-0.29849,0.97031,-8.0107
2.4461,3.2323,-7.4287,0.03651,0.96408,-8.0271
3.0744,2.6036,-7.4654,0.34934,0.95749,-8.0429
3.6458,1.9331,-7.4313,0.61495,0.92384,-8.0575
4.122,1.2294,-7.3311,0.79686,0.83348,-8.0695
4.4878,0.47143,-7.165,0.87712,0.65944,-8.0779
4.7316,-0.36435,-6.9457,0.87178,0.41038,-8.0823
4.87,-1.2557,-6.6892,0.82864,0.13568,-8.0836
4.9281,-2.0588,-6.4292,0.81895,-0.064253,-8.0836
4.9561,-2.7064,-6.1746,0.90239,-0.13384,-8.0844
4.9995,-3.1782,-5.9363,1.1038,-0.075348,-8.0877
5.072,-3.4889,-5.7257,1.396,0.060316,-8.0932
5.1535,-3.7059,-5.5297,1.7111,0.19688,-8.0992
5.2234,-3.9052,-5.3182,1.9993,0.28624,-8.1046
5.2706,-4.1388,-5.0559,2.2238,0.31312,-8.1086
5.274,-4.4364,-4.7245,2.3615,0.26143,-8.1103
5.207,-4.7876,-4.3445,2.4098,0.12696,-8.1081
5.0639,-5.1644,-3.9401,2.3972,-0.05777,-8.1021
4.8694,-5.5313,-3.5337,2.362,-0.25041,-8.0935
4.6685,-5.8458,-3.1656,2.3329,-0.41635,-8.0848
4.4934,-6.0822,-2.8749,2.3107,-0.543,-8.0772
4.3594,-6.2397,-2.688,2.264,-0.63098,-8.0719
4.2464,-6.3513,-2.5785,2.1746,-0.69677,-8.0688
4.1219,-6.4491,-2.4993,2.0525,-0.76093,-8.0665
3.9625,-6.5515,-2.4118,1.9115,-0.83105,-8.0633
3.7403,-6.6728,-2.2796,1.7652,-0.90969,-8.0577
3.4104,-6.8296,-2.0612,1.6253,-1.0057,-8.0477
2.9513,-7.015,-1.7464,1.4946,-1.1139,-8.0324
2.3858,-7.1955,-1.3685,1.3668,-1.2088,-8.0129
1.7405,-7.3446,-0.95844,1.245,-1.2806,-7.99
1.0722,-7.4398,-0.57455,1.1094,-1.3216,-7.9659
0.40565,-7.4679,-0.23001,0.96495,-1.3279,-7.9415
-0.22791,-7.4094,0.099313,0.87172,-1.2931,-7.9178
-0.81679,-7.2508,0.43481,0.8627,-1.2099,-7.8947
-1.3778,-6.9882,0.78315,0.92604,-1.0866,-7.8716
-1.9338,-6.6237,1.1387,1.0174,-0.95296,-7.8469
-2.4919,-6.1731,1.4821,1.077,-0.85893,-7.8195
-3.0679,-5.6281,1.825,1.0845,-0.84707,-7.7878
-3.6582,-4.9933,2.1516,1.0399,-0.89763,-7.7526
-4.2129,-4.3042,2.422,0.95824,-0.94101,-7.7173
-4.6835,-3.5815,2.624,0.87414,-0.91979,-7.6845
-5.0431,-2.8406,2.7581,0.82627,-0.81033,-7.6563
-5.2871,-2.0929,2.834,0.8257,-0.62889,-7.6331
-5.4185,-1.3626,2.8661,0.85196,-0.42486,-7.6144
-5.448,-0.63421,2.8577,0.89219,-0.23342,-7.599
-5.3761,0.12737,2.8072,0.95061,-0.075386,-7.5864
-5.1954,0.94934,2.7192,1.0198,0.04194,-7.5758
-4.9135,1.7996,2.5975,1.0825,0.11394,-7.5671
-4.5515,2.6017,2.4575,1.1285,0.14905,-7.5608
-4.131,3.2968,2.3139,1.1663,0.16217,-7.5581
-3.6522,3.8884,2.1734,1.1975,0.16847,-7.5594
-3.1051,4.3961,2.0353,1.2299,0.1791,-7.565
-2.4823,4.8331,1.9013,1.2653,0.20238,-7.5749
-1.7869,5.2019,1.7724,1.2916,0.23453,-7.5887
-1.022,5.5064,1.6453,1.2925,0.26521,-7.606
-0.23024,5.731,1.5248,1.2568,0.27961,-7.6254
0.5508,5.8669,1.4136,1.1731,0.26218,-7.6457
1.2749,5.9094,1.321,1.0509,0.20361,-7.6653
1.9111,5.8611,1.2511,0.90707,0.11344,-7.684
2.4947,5.7255,1.1854,0.73406,0.01634,-7.7033
3.0818,5.5039,1.1195,0.54389,-0.054156,-7.7262
3.734,5.1963,1.0526,0.36106,-0.066089,-7.7557
4.4169,4.8203,0.99481,0.21628,-0.0087754,-7.7911
5.0459,4.3779,0.94984,0.08364,0.059396,-7.8282
5.5695,3.8559,0.91849,-0.087907,0.079376,-7.8641
5.9533,3.2527,0.89669,-0.33398,0.02212,-7.8963
6.1795,2.5966,0.86878,-0.64123,-0.086313,-7.9234
6.26,1.9327,0.82976,-0.96119,-0.20389,-7.9455
6.2223,1.2987,0.78596,-1.2545,-0.30107,-7.963
6.0938,0.69347,0.74979,-1.5192,-0.37088,-7.9773
5.8932,0.1173,0.72544,-1.7538,-0.41333,-7.9889
5.6309,-0.43788,0.71418,-1.9587,-0.42692,-7.9989
5.308,-0.98067,0.71835,-2.1414,-0.41611,-8.0075
4.9174,-1.5273,0.73208,-2.2956,-0.38768,-8.0154
4.463,-2.0619,0.7547,-2.4143,-0.3456,-8.0225
3.9436,-2.5699,0.78024,-2.4811,-0.29439,-8.0287
3.3385,-3.0482,0.80319,-2.4949,-0.24166,-8.0334
2.6112,-3.4995,0.82069,-2.4754,-0.1986,-8.0354
1.7675,-3.897,0.8301,-2.4396,-0.16462,-8.0333
0.84613,-4.2184,0.82986,-2.3698,-0.12311,-8.0274
-0.059989,-4.4212,0.82186,-2.2549,-0.046799,-8.0185
-0.88803,-4.4896,0.81392,-2.0688,0.075797,-8.0087
-1.6253,-4.4321,0.8171,-1.7932,0.24181,-7.9992
-2.2598,-4.2747,0.83615,-1.4468,0.40728,-7.9909
-2.792,-4.0432,0.86348,-1.0797,0.52493,-7.9831
-3.2624,-3.745,0.88651,-0.7189,0.57986,-7.9743
-3.6992,-3.3809,0.89946,-0.37249,0.57445,-7.9634
-4.1134,-2.9512,0.89374,-0.042977,0.52219,-7.9503
-4.4829,-2.4752,0.86121,0.25757,0.44435,-7.9356
-4.774,-1.9697,0.81088,0.52968,0.36581,-7.921
-4.9758,-1.441,0.76263,0.76373,0.29391,-7.9068
-5.1047,-0.90779,0.72714,0.92521,0.20134,-7.8924
-5.1881,-0.38078,0.69484,1.007,0.068719,-7.877
-5.2356,0.1231,0.64947,1.0355,-0.087245,-7.8614
-5.2341,0.61021,0.58931,1.0443,-0.2323,-7.8468
-5.1561,1.0964,0.51498,1.0716,-0.33596,-7.8346
-4.9718,1.6031,0.42177,1.1378,-0.38836,-7.8252
-4.6584,2.1393,0.30355,1.2395,-0.40158,-7.8184
-4.1986,2.7069,0.15937,1.3542,-0.39216,-7.8139
-3.6063,3.2681,0.0020002,1.4343,-0.36876,-7.8115
-2.9067,3.804,-0.15106,1.4018,-0.32901,-7.8093
-2.1692,4.2715,-0.29133,1.2499,-0.2837,-7.8067
-1.4836,4.6148,-0.41255,1.048,-0.2422,-7.8051
-0.85286,4.8371,-0.51446,0.86014,-0.18969,-7.8064
-0.2478,4.962,-0.59823,0.72358,-0.11119,-7.8115
0.36829,5.0083,-0.66998,0.63478,-0.0093794,-7.8209
1.0004,4.9726,-0.73848,0.55894,0.084281,-7.8338
1.652,4.8397,-0.81298,0.45043,0.12524,-7.8493
2.2799,4.6033,-0.89882,0.27942,0.091237,-7.8653
2.8438,4.282,-0.99686,0.05739,0.016396,-7.8808
3.3229,3.9204,-1.0993,-0.16342,-0.042865,-7.8958
3.7091,3.5714,-1.1889,-0.33207,-0.046305,-7.9102
4.0262,3.2383,-1.2534,-0.44169,8.3076e-06,-7.9246
4.3077,2.8771,-1.2924,-0.51878,0.058222,-7.9402
4.5555,2.4476,-1.314,-0.60143,0.089321,-7.957
4.7399,1.94,-1.3262,-0.72343,0.070166,-7.9734
4.8371,1.362,-1.3332,-0.89188,0.0049668,-7.988
4.8339,0.74095,-1.3416,-1.0775,-0.079113,-8.0006
4.7306,0.095545,-1.3508,-1.255,-0.16167,-8.011
4.5322,-0.5552,-1.3543,-1.4218,-0.24027,-8.0191
4.2454,-1.1888,-1.3503,-1.5856,-0.31997,-8.0243
3.8884,-1.7769,-1.3407,-1.7419,-0.39916,-8.0264
3.4896,-2.2861,-1.3295,-1.8793,-0.46357,-8.0257
3.0489,-2.7292,-1.3144,-1.9969,-0.50221,-8.0223
2.5625,-3.1276,-1.2927,-2.0916,-0.51206,-8.0167
2.0434,-3.4856,-1.2664,-2.1491,-0.4959,-8.0096
1.5029,-3.8002,-1.2392,-2.1606,-0.45956,-8.0013
0.92306,-4.0775,-1.2133,-2.1344,-0.40759,-7.9914
0.30866,-4.3051,-1.1911,-2.0813,-0.33853,-7.9794
-0.33208,-4.4662,-1.1787,-2.0115,-0.24633,-7.9652
-0.98262,-4.551,-1.1801,-1.9293,-0.13119,-7.9487
-1.6411,-4.5685,-1.189,-1.8188,-0.0094358,-7.9304
-2.2703,-4.5301,-1.1942,-1.6655,0.092518,-7.9115
-2.8359,-4.4375,-1.1968,-1.4733,0.17143,-7.8934
-3.3536,-4.2851,-1.205,-1.244,0.24932,-7.8758
-3.8069,-4.0811,-1.2128,-0.98511,0.31831,-7.8593
-4.2059,-3.8305,-1.2106,-0.7099,0.35054,-7.8433
-4.5704,-3.5367,-1.1997,-0.4442,0.32763,-7.826
-4.9035,-3.1968,-1.1858,-0.20117,0.25675,-7.8071
-5.1999,-2.7834,-1.1779,0.040404,0.17797,-7.7862
-5.4541,-2.2642,-1.1785,0.30714,0.12278,-7.7625
-5.627,-1.6712,-1.1906,0.59793,0.10875,-7.7386
-5.6767,-1.0527,-1.2145,0.91181,0.14054,-7.7178
-5.5945,-0.41826,-1.2518,1.248,0.19257,-7.7006
-5.3955,0.20723,-1.298,1.5693,0.22,-7.6866
-5.1015,0.80434,-1.3493,1.8472,0.19671,-7.675
-4.7349,1.3597,-1.3992,2.0687,0.12198,-7.6651
-4.304,1.8723,-1.4437,2.2366,0.014698,-7.657
-3.8147,2.3351,-1.4752,2.344,-0.095037,-7.6507
-3.2505,2.7603,-1.4939,2.3865,-0.19067,-7.6459
-2.5961,3.1639,-1.5029,2.3564,-0.26131,-7.6417
-1.8655,3.5318,-1.505,2.2724,-0.2972,-7.6389
-1.1034,3.8351,-1.501,2.1649,-0.2923,-7.6387
-0.36071,4.0502,-1.4898,2.0547,-0.24803,-7.6418
0.35916,4.1745,-1.472,1.9338,-0.18418,-7.6477
1.0426,4.2019,-1.4512,1.7867,-0.13723,-7.6556
1.6979,4.1307,-1.4289,1.6026,-0.13315,-7.665
2.3186,3.9661,-1.4086,1.3766,-0.17717,-7.6753
2.874,3.719,-1.3947,1.1033,-0.26176,-7.6855
3.3408,3.4068,-1.3836,0.79555,-0.37065,-7.6948
3.7298,3.0381,-1.3624,0.4718,-0.49056,-7.7037
4.043,2.6248,-1.3321,0.14633,-0.5989,-7.7124
4.2777,2.169,-1.2997,-0.18222,-0.68539,-7.7204
4.4308,1.673,-1.2691,-0.51442,-0.75159,-7.7276
4.4995,1.1534,-1.2416,-0.83823,-0.7861,-7.7337
4.4898,0.61043,-1.2225,-1.1367,-0.78265,-7.7392
4.4029,0.054612,-1.2128,-1.3972,-0.75298,-7.7442
4.2356,-0.51004,-1.2107,-1.6271,-0.71635,-7.7484
3.993,-1.053,-1.2112,-1.8391,-0.68704,-7.7507
3.6978,-1.5366,-1.2134,-2.031,-0.66246,-7.7507
3.3775,-1.9432,-1.2153,-2.1922,-0.6283,-7.7485
3.0335,-2.2873,-1.2092,-2.3248,-0.56809,-7.7448
2.6605,-2.604,-1.1941,-2.4086,-0.47815,-7.7409
2.2574,-2.9134,-1.1745,-2.4329,-0.3705,-7.7377
1.8477,-3.1998,-1.1576,-2.4066,-0.27177,-7.7349
1.4236,-3.4619,-1.1476,-2.3613,-0.20496,-7.7311
0.97658,-3.6995,-1.147,-2.329,-0.17741,-7.7253
0.52693,-3.896,-1.1576,-2.3301,-0.18292,-7.7169
0.08021,-4.0487,-1.1767,-2.3547,-0.19908,-7.7061
-0.37207,-4.1614,-1.1984,-2.3644,-0.19182,-7.6939
-0.82079,-4.2318,-1.2171,-2.3127,-0.13241,-7.6817
-1.2322,-4.2407,-1.2286,-2.1713,0.0088574,-7.6711
-1.5917,-4.1771,-1.2305,-1.929,0.24305,-7.6628
-1.8961,-4.0452,-1.2227,-1.5976,0.54691,-7.6567
-2.1582,-3.8643,-1.2091,-1.2023,0.87889,-7.6521
-2.3688,-3.6732,-1.1949,-0.81058,1.1718,-7.6488
-2.5143,-3.5199,-1.1786,-0.49023,1.3571,-7.6468
-2.6177,-3.4021,-1.1544,-0.22383,1.4415,-7.6458
-2.699,-3.2937,-1.1224,0.018215,1.4727,-7.6449
-2.7702,-3.1741,-1.0875,0.26361,1.4899,-7.6439
-2.818,-3.043,-1.0557,0.50379,1.5124,-7.6433
-2.8453,-2.9055,-1.0282,0.72928,1.5333,-7.6428
-2.8692,-2.7743,-1.0032,0.92331,1.5275,-7.6418
-2.9057,-2.6501,-0.97662,1.0836,1.4787,-7.6396
-2.9628,-2.5369,-0.94453,1.2036,1.3834,-7.6361
-3.0406,-2.4452,-0.90764,1.2719,1.2471,-7.6313
-3.1349,-2.3856,-0.87471,1.2786,1.0838,-7.6255
-3.24,-2.3584,-0.85452,1.2299,0.91347,-7.6191
-3.3581,-2.3484,-0.85085,1.1493,0.74242,-7.6119
-3.4913,-2.3325,-0.86077,1.0646,0.57268,-7.6039
-3.6348,-2.3071,-0.87952,0.98219,0.40546,-7.5952
